{"stats":{"minecraft:picked_up":{"minecraft:repeater":2,"minecraft:oak_sign":1,"minecraft:redstone_torch":1,"minecraft:redstone":5,"minecraft:tnt":8639,"minecraft:dispenser":12,"minecraft:white_concrete_powder":19,"minecraft:lever":1,"minecraft:white_concrete":120,"minecraft:oak_button":1},"minecraft:custom":{"minecraft:interact_with_anvil":1,"minecraft:open_barrel":1,"minecraft:leave_game":4,"minecraft:time_since_death":32087,"minecraft:climb_one_cm":869,"minecraft:time_since_rest":32110,"minecraft:sprint_one_cm":5604,"minecraft:damage_taken":500,"minecraft:walk_one_cm":213489,"minecraft:drop":5,"minecraft:damage_dealt":42,"minecraft:fly_one_cm":226919,"minecraft:open_chest":6,"minecraft:crouch_one_cm":1226,"minecraft:play_time":197600,"minecraft:deaths":3,"minecraft:sneak_time":3252,"minecraft:walk_under_water_one_cm":43364,"minecraft:jump":311,"minecraft:walk_on_water_one_cm":999,"minecraft:total_world_time":274446,"minecraft:fall_one_cm":3050,"minecraft:inspect_dispenser":1},"minecraft:used":{"minecraft:calcite":4,"minecraft:oak_fence":6,"minecraft:water_bucket":28,"minecraft:end_rod":5,"minecraft:polished_deepslate":12,"minecraft:red_concrete":1,"minecraft:dispenser":15,"minecraft:redstone":272,"minecraft:ladder":6,"minecraft:oak_planks":259,"minecraft:oak_sign":35,"minecraft:spruce_planks":9,"minecraft:white_concrete_powder":49,"minecraft:axolotl_spawn_egg":46,"minecraft:chest":2,"minecraft:stone":9,"minecraft:redstone_block":36,"minecraft:white_dye":23,"minecraft:glow_ink_sac":27,"minecraft:vex_spawn_egg":13,"minecraft:netherrack":99,"minecraft:white_wool":94,"minecraft:torch":2,"minecraft:light_gray_shulker_box":15,"minecraft:stripped_mangrove_wood":1,"minecraft:soul_sand":2,"minecraft:anvil":2,"minecraft:comparator":4,"minecraft:oak_slab":21,"minecraft:spruce_stairs":2,"minecraft:phantom_spawn_egg":24,"minecraft:cyan_dye":9,"minecraft:endermite_spawn_egg":20,"minecraft:oak_fence_gate":1,"minecraft:redstone_torch":73,"minecraft:sticky_piston":61,"minecraft:glass":27,"minecraft:piston":5,"minecraft:lever":53,"minecraft:sea_lantern":41,"minecraft:lava_bucket":3,"minecraft:quartz_slab":7,"minecraft:command_block":7,"minecraft:red_wool":33,"minecraft:lantern":18,"minecraft:iron_block":12,"minecraft:oak_stairs":157,"minecraft:oak_button":13,"minecraft:slime_block":5,"minecraft:string":5,"minecraft:stone_button":1,"minecraft:red_terracotta":2,"minecraft:oak_pressure_plate":2,"minecraft:iron_door":16,"minecraft:barrel":1,"minecraft:tripwire_hook":8,"minecraft:repeater":54,"minecraft:iron_trapdoor":6,"minecraft:white_stained_glass":225,"minecraft:smooth_stone_slab":13,"minecraft:trapped_chest":1,"minecraft:white_concrete":2058,"minecraft:cobbled_deepslate":17,"minecraft:observer":12,"minecraft:smooth_stone":8,"minecraft:pointed_dripstone":8},"minecraft:dropped":{"minecraft:redstone_torch":1,"minecraft:white_concrete_powder":9}},"DataVersion":3120}